﻿<?xml version="1.0" encoding="utf-8"?>
<namespace name="ALTRun">
  <contains name="ELang" />
  <contains name="EZlib2" />
  <contains name="EZip" />
  <contains name="EListView" />
  <contains name="pngzlib" />
  <contains name="pnglang" />
  <contains name="MMSystem" />
  <contains name="Spin" />
  <contains name="RXSpin" />
  <contains name="WinSock" />
  <contains name="ETypes" />
  <contains name="EXMLBuilder" />
  <contains name="EBase64" />
  <contains name="EHash" />
  <contains name="EEncrypt" />
  <contains name="DateUtils" />
  <contains name="RzLabel" />
  <contains name="RzRadGrp" />
  <contains name="RzIntLst" />
  <contains name="RzLstBox" />
  <contains name="RzCommonBitmaps" />
  <contains name="RzRadChk" />
  <contains name="RzChkLst" />
  <contains name="RzToolbarForm" />
  <contains name="RzPanel" />
  <contains name="RzEdit" />
  <contains name="RzGrafx" />
  <contains name="RzCommonCursors" />
  <contains name="RzSpnEdt" />
  <contains name="JConsts" />
  <contains name="RxTimer" />
  <contains name="MaskUtils" />
  <contains name="Mask" />
  <contains name="Grids" />
  <contains name="ComConst" />
  <contains name="FileCtrl" />
  <contains name="Gauges" />
  <contains name="RichEdit" />
  <contains name="ToolWin" />
  <contains name="ListActns" />
  <contains name="ComStrs" />
  <contains name="rxFileUtil" />
  <contains name="rxPlacemnt" />
  <contains name="RXCConst" />
  <contains name="Imm" />
  <contains name="CommDlg" />
  <contains name="WinSpool" />
  <contains name="StdCtrls" />
  <contains name="Dlgs" />
  <contains name="WideStrUtils" />
  <contains name="Contnrs" />
  <contains name="Consts" />
  <contains name="StrUtils" />
  <contains name="ShellAPI" />
  <contains name="RegStr" />
  <contains name="WinInet" />
  <contains name="UrlMon" />
  <contains name="ShlObj" />
  <contains name="StdActns" />
  <contains name="Math" />
  <contains name="CommCtrl" />
  <contains name="Messages" />
  <contains name="ActiveX" />
  <contains name="RTLConsts" />
  <contains name="SyncObjs" />
  <contains name="ImgList" />
  <contains name="rxStrUtils" />
  <contains name="rxPickDate" />
  <contains name="ImageHlp" />
  <contains name="SysConst" />
  <contains name="rxMaxMin" />
  <contains name="Types" />
  <contains name="rxToolEdit" />
  <contains name="RXCtrls" />
  <contains name="RXProps" />
  <contains name="rxAppUtils" />
  <contains name="RxPrgrss" />
  <contains name="rxDateUtil" />
  <contains name="RxHook" />
  <contains name="rxVclutils" />
  <contains name="RXConst" />
  <contains name="CheckLst" />
  <contains name="jpeg" />
  <contains name="RzButton" />
  <contains name="RzCmboBx" />
  <contains name="RzPopups" />
  <contains name="RzBorder" />
  <contains name="RzCommon" />
  <contains name="CnDebug" />
  <contains name="ComObj" />
  <contains name="RegExpr" />
  <contains name="HotKeyManager" />
  <contains name="CoolTrayIcon" />
  <contains name="ComCtrls" />
  <contains name="ExtActns" />
  <contains name="Mapi" />
  <contains name="ExtDlgs" />
  <contains name="Buttons" />
  <contains name="SimpleTimer" />
  <contains name="AppEvnts" />
  <contains name="Clipbrd" />
  <contains name="Dialogs" />
  <contains name="ExtCtrls" />
  <contains name="GraphUtil" />
  <contains name="FlatSB" />
  <contains name="Printers" />
  <contains name="HelpIntfs" />
  <contains name="Menus" />
  <contains name="Themes" />
  <contains name="Controls" />
  <contains name="DwmApi" />
  <contains name="ActnList" />
  <contains name="MultiMon" />
  <contains name="UxTheme" />
  <contains name="Graphics" />
  <contains name="Registry" />
  <contains name="IniFiles" />
  <contains name="EDisAsm" />
  <contains name="ELogManager" />
  <contains name="EWebTools" />
  <contains name="ESockets" />
  <contains name="EHook" />
  <contains name="EDebug" />
  <contains name="ECore" />
  <contains name="EConsts" />
  <contains name="Classes" />
  <contains name="TypInfo" />
  <contains name="VarUtils" />
  <contains name="ELeaks" />
  <contains name="Windows" />
  <contains name="Variants" />
  <contains name="untClipboard" />
  <contains name="untLogger" />
  <contains name="frmAutoHide" />
  <contains name="frmLang" />
  <contains name="frmInvalid" />
  <contains name="frmHelp" />
  <contains name="frmParam" />
  <contains name="frmAbout" />
  <contains name="untShortCutMan" />
  <contains name="frmShortCutMan" />
  <contains name="untALTRunOption" />
  <contains name="untUtilities" />
  <contains name="frmShortCut" />
  <contains name="frmConfig" />
  <contains name="frmALTRun" />
  <contains name="pngimage" />
  <contains name="SysUtils" />
  <contains name="Forms" />
  <contains name="ExceptionLog" />
  <contains name="SysInit" />
  <contains name="System" />
  <variable name="IsExited" type="Boolean" />
</namespace>
